{
  "head_norm": 0.11274885386228561,
  "bias": 0.0,
  "head_sigma": 0.15012324952148248,
  "sigma_source": "objects",
  "banks": {
    "faces": {
      "n": 800,
      "logit_min": 0.0037463922053575516,
      "logit_p10": 0.006784277036786079,
      "logit_median": 0.0070294663310050964,
      "logit_p90": 0.0076169203966856,
      "logit_max": 0.02415444329380989,
      "logit_mean": 0.00722227583755739,
      "logit_std": 0.001109134418434996,
      "cos_median": 0.004582253284752369,
      "cos_p90": 0.004964614287018776,
      "cos_max": 0.015478516928851604,
      "norm_median": 13.605082511901855
    },
    "objects": {
      "n": 800,
      "logit_min": -0.7846395969390869,
      "logit_p10": -0.5273575186729431,
      "logit_median": -0.32216495275497437,
      "logit_p90": -0.13239717483520508,
      "logit_max": 0.08565905690193176,
      "logit_mean": -0.3248732376983389,
      "logit_std": 0.15012324952148248,
      "cos_median": -0.11892188340425491,
      "cos_p90": -0.04984382912516594,
      "cos_max": 0.02742917090654373,
      "norm_median": 24.587757110595703
    },
    "textures": {
      "n": 800,
      "logit_min": -0.7267746329307556,
      "logit_p10": -0.18367451429367065,
      "logit_median": 0.026505716145038605,
      "logit_p90": 0.20195767283439636,
      "logit_max": 0.48578178882598877,
      "logit_mean": 0.017783688815543427,
      "logit_std": 0.14987805390711148,
      "cos_median": 0.009890737943351269,
      "cos_p90": 0.06643785536289215,
      "cos_max": 0.1456950455904007,
      "norm_median": 25.491613388061523
    },
    "animals": {
      "n": 800,
      "logit_min": -0.5261470079421997,
      "logit_p10": -0.23883365094661713,
      "logit_median": -0.09075133502483368,
      "logit_p90": 0.06336188316345215,
      "logit_max": 0.35105058550834656,
      "logit_mean": -0.08944567673141136,
      "logit_std": 0.11958770110525907,
      "cos_median": -0.02877807803452015,
      "cos_p90": 0.021418387070298195,
      "cos_max": 0.09081368893384933,
      "norm_median": 27.75507164001465
    }
  }
}